Nom;Code département;Nom de la région;Population totale
Bourg-en-Bresse;01;Auvergne-Rhône-Alpes;43 454
Laon;02;Hauts-de-France;26 031
Saint-Quentin;02;Hauts-de-France;55 940
Soissons;02;Hauts-de-France;29 417
Montluçon;03;Auvergne-Rhône-Alpes;37 417
Gap;05;Provence-Alpes-Côte d'Azur;42 567
Antibes;06;Provence-Alpes-Côte d'Azur;74 982
Cagnes-sur-Mer;06;Provence-Alpes-Côte d'Azur;50 385
Cannes;06;Provence-Alpes-Côte d'Azur;75 046
Le Cannet;06;Provence-Alpes-Côte d'Azur;42 056
Grasse;06;Provence-Alpes-Côte d'Azur;51 705
Menton;06;Provence-Alpes-Côte d'Azur;28 942
Nice;06;Provence-Alpes-Côte d'Azur;345 998
Saint-Laurent-du-Var;06;Provence-Alpes-Côte d'Azur;28 831
Vallauris;06;Provence-Alpes-Côte d'Azur;26 787
Charleville-Mézières;08;Grand Est;48 420
Troyes;10;Grand Est;61 988
Carcassonne;11;Occitanie;47 418
Narbonne;11;Occitanie;55 001
Rodez;12;Occitanie;25 747
Aix-en-Provence;13;Provence-Alpes-Côte d'Azur;146 385
Arles;13;Provence-Alpes-Côte d'Azur;53 807
Aubagne;13;Provence-Alpes-Côte d'Azur;45 711
La Ciotat;13;Provence-Alpes-Côte d'Azur;35 758
Istres;13;Provence-Alpes-Côte d'Azur;44 248
Marignane;13;Provence-Alpes-Côte d'Azur;33 949
Marseille;13;Provence-Alpes-Côte d'Azur;870 018
Martigues;13;Provence-Alpes-Côte d'Azur;49 310
Miramas;13;Provence-Alpes-Côte d'Azur;26 217
Salon-de-Provence;13;Provence-Alpes-Côte d'Azur;46 225
Vitrolles;13;Provence-Alpes-Côte d'Azur;34 301
Caen;14;Normandie;108 461
Aurillac;15;Auvergne-Rhône-Alpes;27 659
Angoulême;16;Nouvelle-Aquitaine;44 629
La Rochelle;17;Nouvelle-Aquitaine;78 623
Saintes;17;Nouvelle-Aquitaine;26 890
Bourges;18;Centre-Val de Loire;67 841
Vierzon;18;Centre-Val de Loire;27 036
Brive-la-Gaillarde;19;Nouvelle-Aquitaine;48 333
Ajaccio;2A;Corse;70 063
Bastia;2B;Corse;45 596
Dijon;21;Bourgogne-Franche-Comté;159 031
Saint-Brieuc;22;Bretagne;47 058
Bergerac;24;Nouvelle-Aquitaine;28 166
Périgueux;24;Nouvelle-Aquitaine;31 505
Besançon;25;Bourgogne-Franche-Comté;120 107
Montbéliard;25;Bourgogne-Franche-Comté;26 015
Montélimar;26;Auvergne-Rhône-Alpes;39 924
Romans-sur-Isère;26;Auvergne-Rhône-Alpes;34 095
Valence;26;Auvergne-Rhône-Alpes;64 322
Évreux;27;Normandie;51 560
Chartres;28;Centre-Val de Loire;40 195
Dreux;28;Centre-Val de Loire;31 575
Brest;29;Bretagne;142 629
Quimper;29;Bretagne;66 743
Alès;30;Occitanie;41 129
Nîmes;30;Occitanie;154 196
Colomiers;31;Occitanie;39 200
Muret;31;Occitanie;25 961
Toulouse;31;Occitanie;482 738
Tournefeuille;31;Occitanie;27 008
Bègles;33;Nouvelle-Aquitaine;28 092
Bordeaux;33;Nouvelle-Aquitaine;256 045
Gradignan;33;Nouvelle-Aquitaine;26 029
Libourne;33;Nouvelle-Aquitaine;25 491
Mérignac;33;Nouvelle-Aquitaine;71 203
Pessac;33;Nouvelle-Aquitaine;62 737
Saint-Médard-en-Jalles;33;Nouvelle-Aquitaine;31 576
Talence;33;Nouvelle-Aquitaine;44 040
La Teste-de-Buch;33;Nouvelle-Aquitaine;26 525
Villenave-d'Ornon;33;Nouvelle-Aquitaine;33 091
Agde;34;Occitanie;28 120
Béziers;34;Occitanie;77 894
Lunel;34;Occitanie;26 263
Montpellier;34;Occitanie;286 098
Sète;34;Occitanie;44 271
Rennes;35;Bretagne;222 104
Saint-Malo;35;Bretagne;47 528
Châteauroux;36;Centre-Val de Loire;45 780
Joué-lès-Tours;37;Centre-Val de Loire;37 974
Tours;37;Centre-Val de Loire;139 963
Bourgoin-Jallieu;38;Auvergne-Rhône-Alpes;28 399
Échirolles;38;Auvergne-Rhône-Alpes;36 143
Grenoble;38;Auvergne-Rhône-Alpes;160 836
Saint-Martin-d'Hères;38;Auvergne-Rhône-Alpes;38 974
Vienne;38;Auvergne-Rhône-Alpes;30 178
Mont-de-Marsan;40;Nouvelle-Aquitaine;31 517
Blois;41;Centre-Val de Loire;47 524
Roanne;42;Auvergne-Rhône-Alpes;35 913
Saint-Chamond;42;Auvergne-Rhône-Alpes;35 969
Saint-Étienne;42;Auvergne-Rhône-Alpes;174 298
Nantes;44;Pays de la Loire;314 611
Orvault;44;Pays de la Loire;26 618
Rezé;44;Pays de la Loire;41 808
Saint-Herblain;44;Pays de la Loire;47 502
Saint-Nazaire;44;Pays de la Loire;72 295
Saint-Sébastien-sur-Loire;44;Pays de la Loire;27 591
Orléans;45;Centre-Val de Loire;118 102
Agen;47;Nouvelle-Aquitaine;34 565
Angers;49;Pays de la Loire;155 543
Cholet;49;Pays de la Loire;55 772
Saumur;49;Pays de la Loire;28 554
Sèvremoine;49;Pays de la Loire;26 239
Cherbourg-en-Cotentin;50;Normandie;82 578
Châlons-en-Champagne;51;Grand Est;46 288
Reims;51;Grand Est;187 074
Saint-Dizier;52;Grand Est;25 666
Laval;53;Pays de la Loire;52 359
Nancy;54;Grand Est;106 953
Vandœuvre-lès-Nancy;54;Grand Est;30 502
Lorient;56;Bretagne;58 789
Vannes;56;Bretagne;55 573
Metz;57;Grand Est;119 856
Thionville;57;Grand Est;41 396
Nevers;58;Bourgogne-Franche-Comté;34 799
Armentières;59;Hauts-de-France;25 373
Cambrai;59;Hauts-de-France;33 349
Douai;59;Hauts-de-France;40 860
Dunkerque;59;Hauts-de-France;89 485
Lambersart;59;Hauts-de-France;28 027
Lille;59;Hauts-de-France;236 782
Marcq-en-Barœul;59;Hauts-de-France;39 697
Maubeuge;59;Hauts-de-France;29 995
Roubaix;59;Hauts-de-France;96 953
Tourcoing;59;Hauts-de-France;98 170
Valenciennes;59;Hauts-de-France;44 509
Villeneuve-d'Ascq;59;Hauts-de-France;63 085
Wattrelos;59;Hauts-de-France;41 570
Beauvais;60;Hauts-de-France;57 548
Compiègne;60;Hauts-de-France;41 660
Creil;60;Hauts-de-France;36 091
Alençon;61;Normandie;27 221
Arras;62;Hauts-de-France;41 973
Béthune;62;Hauts-de-France;25 753
Boulogne-sur-Mer;62;Hauts-de-France;42 293
Calais;62;Hauts-de-France;75 719
Hénin-Beaumont;62;Hauts-de-France;26 260
Lens;62;Hauts-de-France;31 080
Liévin;62;Hauts-de-France;31 337
Clermont-Ferrand;63;Auvergne-Rhône-Alpes;146 112
Anglet;64;Nouvelle-Aquitaine;39 995
Bayonne;64;Nouvelle-Aquitaine;51 943
Biarritz;64;Nouvelle-Aquitaine;25 518
Pau;64;Nouvelle-Aquitaine;79 022
Tarbes;65;Occitanie;41 862
Perpignan;66;Occitanie;123 602
Haguenau;67;Grand Est;35 024
Illkirch-Graffenstaden;67;Grand Est;27 505
Schiltigheim;67;Grand Est;32 024
Strasbourg;67;Grand Est;283 515
Colmar;68;Grand Est;71 445
Mulhouse;68;Grand Est;110 468
Bron;69;Auvergne-Rhône-Alpes;41 589
Caluire-et-Cuire;69;Auvergne-Rhône-Alpes;43 546
Décines-Charpieu;69;Auvergne-Rhône-Alpes;28 249
Lyon 1er Arrondissement;69;Auvergne-Rhône-Alpes;30 423
Lyon 2e Arrondissement;69;Auvergne-Rhône-Alpes;30 857
Lyon 3e Arrondissement;69;Auvergne-Rhône-Alpes;103 506
Lyon 4e Arrondissement;69;Auvergne-Rhône-Alpes;36 524
Lyon 5e Arrondissement;69;Auvergne-Rhône-Alpes;49 998
Lyon 6e Arrondissement;69;Auvergne-Rhône-Alpes;52 282
Lyon 7e Arrondissement;69;Auvergne-Rhône-Alpes;82 651
Lyon 8e Arrondissement;69;Auvergne-Rhône-Alpes;85 610
Lyon 9e Arrondissement;69;Auvergne-Rhône-Alpes;51 313
Meyzieu;69;Auvergne-Rhône-Alpes;33 351
Oullins;69;Auvergne-Rhône-Alpes;26 838
Rillieux-la-Pape;69;Auvergne-Rhône-Alpes;30 275
Saint-Priest;69;Auvergne-Rhône-Alpes;46 153
Vaulx-en-Velin;69;Auvergne-Rhône-Alpes;48 906
Vénissieux;69;Auvergne-Rhône-Alpes;65 822
Villefranche-sur-Saône;69;Auvergne-Rhône-Alpes;37 783
Villeurbanne;69;Auvergne-Rhône-Alpes;150 375
Chalon-sur-Saône;71;Bourgogne-Franche-Comté;47 085
Mâcon;71;Bourgogne-Franche-Comté;34 448
Le Mans;72;Pays de la Loire;146 804
Aix-les-Bains;73;Auvergne-Rhône-Alpes;30 377
Chambéry;73;Auvergne-Rhône-Alpes;60 872
Annecy;74;Auvergne-Rhône-Alpes;130 257
Annemasse;74;Auvergne-Rhône-Alpes;35 461
Thonon-les-Bains;74;Auvergne-Rhône-Alpes;36 296
Paris;75;Île-de-France;2 210 875
Dieppe;76;Normandie;30 588
Le Grand-Quevilly;76;Normandie;26 175
Le Havre;76;Normandie;172 769
Rouen;76;Normandie;112 596
Saint-Étienne-du-Rouvray;76;Normandie;29 180
Sotteville-lès-Rouen;76;Normandie;29 766
Bussy-Saint-Georges;77;Île-de-France;27 299
Chelles;77;Île-de-France;54 682
Meaux;77;Île-de-France;56 249
Melun;77;Île-de-France;41 183
Pontault-Combault;77;Île-de-France;38 587
Savigny-le-Temple;77;Île-de-France;30 352
Villeparisis;77;Île-de-France;26 507
Chatou;78;Île-de-France;31 653
Le Chesnay;78;Île-de-France;28 558
Conflans-Sainte-Honorine;78;Île-de-France;36 058
Élancourt;78;Île-de-France;25 829
Guyancourt;78;Île-de-France;28 839
Houilles;78;Île-de-France;32 064
Mantes-la-Jolie;78;Île-de-France;44 231
Montigny-le-Bretonneux;78;Île-de-France;33 535
Les Mureaux;78;Île-de-France;32 777
Plaisir;78;Île-de-France;32 128
Poissy;78;Île-de-France;37 524
Rambouillet;78;Île-de-France;26 781
Saint-Germain-en-Laye;78;Île-de-France;41 749
Sartrouville;78;Île-de-France;53 237
Trappes;78;Île-de-France;32 931
Versailles;78;Île-de-France;87 315
Niort;79;Nouvelle-Aquitaine;61 044
Amiens;80;Hauts-de-France;136 998
Albi;81;Occitanie;51 151
Castres;81;Occitanie;42 923
Montauban;82;Occitanie;61 978
Draguignan;83;Provence-Alpes-Côte d'Azur;40 928
Fréjus;83;Provence-Alpes-Côte d'Azur;54 023
La Garde;83;Provence-Alpes-Côte d'Azur;25 645
Hyères;83;Provence-Alpes-Côte d'Azur;56 799
Saint-Raphaël;83;Provence-Alpes-Côte d'Azur;35 826
La Seyne-sur-Mer;83;Provence-Alpes-Côte d'Azur;65 386
Six-Fours-les-Plages;83;Provence-Alpes-Côte d'Azur;33 904
Toulon;83;Provence-Alpes-Côte d'Azur;171 643
Avignon;84;Provence-Alpes-Côte d'Azur;94 200
Carpentras;84;Provence-Alpes-Côte d'Azur;29 498
Cavaillon;84;Provence-Alpes-Côte d'Azur;26 985
Orange;84;Provence-Alpes-Côte d'Azur;29 856
La Roche-sur-Yon;85;Pays de la Loire;56 991
Châtellerault;86;Nouvelle-Aquitaine;32 887
Poitiers;86;Nouvelle-Aquitaine;90 590
Limoges;87;Nouvelle-Aquitaine;135 140
Épinal;88;Grand Est;33 454
Auxerre;89;Bourgogne-Franche-Comté;36 804
Sens;89;Bourgogne-Franche-Comté;26 688
Belfort;90;Bourgogne-Franche-Comté;49 926
Athis-Mons;91;Île-de-France;34 065
Brétigny-sur-Orge;91;Île-de-France;26 702
Brunoy;91;Île-de-France;26 520
Corbeil-Essonnes;91;Île-de-France;51 682
Draveil;91;Île-de-France;29 558
Évry;91;Île-de-France;55 425
Grigny;91;Île-de-France;29 118
Massy;91;Île-de-France;50 549
Palaiseau;91;Île-de-France;34 954
Ris-Orangis;91;Île-de-France;29 040
Sainte-Geneviève-des-Bois;91;Île-de-France;36 219
Savigny-sur-Orge;91;Île-de-France;36 677
Les Ulis;91;Île-de-France;25 031
Vigneux-sur-Seine;91;Île-de-France;31 488
Viry-Châtillon;91;Île-de-France;30 962
Yerres;91;Île-de-France;29 132
Antony;92;Île-de-France;62 989
Asnières-sur-Seine;92;Île-de-France;86 678
Bagneux;92;Île-de-France;39 977
Bois-Colombes;92;Île-de-France;28 607
Boulogne-Billancourt;92;Île-de-France;120 943
Châtenay-Malabry;92;Île-de-France;33 413
Châtillon;92;Île-de-France;37 132
Clamart;92;Île-de-France;53 099
Clichy;92;Île-de-France;60 746
Colombes;92;Île-de-France;86 050
Courbevoie;92;Île-de-France;82 351
La Garenne-Colombes;92;Île-de-France;29 503
Gennevilliers;92;Île-de-France;46 939
Issy-les-Moulineaux;92;Île-de-France;69 231
Levallois-Perret;92;Île-de-France;64 028
Malakoff;92;Île-de-France;30 286
Meudon;92;Île-de-France;46 014
Montrouge;92;Île-de-France;49 372
Nanterre;92;Île-de-France;96 321
Neuilly-sur-Seine;92;Île-de-France;61 501
Le Plessis-Robinson;92;Île-de-France;29 192
Puteaux;92;Île-de-France;44 941
Rueil-Malmaison;92;Île-de-France;79 783
Saint-Cloud;92;Île-de-France;30 797
Suresnes;92;Île-de-France;49 145
Vanves;92;Île-de-France;28 148
Aubervilliers;93;Île-de-France;86 533
Aulnay-sous-Bois;93;Île-de-France;85 214
Bagnolet;93;Île-de-France;36 047
Le Blanc-Mesnil;93;Île-de-France;56 346
Bobigny;93;Île-de-France;52 633
Bondy;93;Île-de-France;53 416
Clichy-sous-Bois;93;Île-de-France;29 978
La Courneuve;93;Île-de-France;42 712
Drancy;93;Île-de-France;70 883
Épinay-sur-Seine;93;Île-de-France;55 754
Gagny;93;Île-de-France;39 391
Livry-Gargan;93;Île-de-France;44 721
Montfermeil;93;Île-de-France;26 262
Montreuil;93;Île-de-France;109 235
Neuilly-sur-Marne;93;Île-de-France;34 859
Noisy-le-Grand;93;Île-de-France;67 086
Noisy-le-Sec;93;Île-de-France;43 693
Pantin;93;Île-de-France;55 585
Pierrefitte-sur-Seine;93;Île-de-France;29 728
Romainville;93;Île-de-France;26 640
Rosny-sous-Bois;93;Île-de-France;45 663
Saint-Denis;93;Île-de-France;112 309
Saint-Ouen;93;Île-de-France;49 949
Sevran;93;Île-de-France;50 888
Stains;93;Île-de-France;39 776
Tremblay-en-France;93;Île-de-France;35 866
Villemomble;93;Île-de-France;30 227
Villepinte;93;Île-de-France;36 809
Alfortville;94;Île-de-France;44 136
Cachan;94;Île-de-France;30 524
Champigny-sur-Marne;94;Île-de-France;77 883
Charenton-le-Pont;94;Île-de-France;30 793
Choisy-le-Roi;94;Île-de-France;44 781
Créteil;94;Île-de-France;90 052
Fontenay-sous-Bois;94;Île-de-France;53 968
Fresnes;94;Île-de-France;27 556
L' Haÿ-les-Roses;94;Île-de-France;31 416
Ivry-sur-Seine;94;Île-de-France;61 099
Le Kremlin-Bicêtre;94;Île-de-France;25 422
Limeil-Brévannes;94;Île-de-France;26 901
Maisons-Alfort;94;Île-de-France;55 816
Nogent-sur-Marne;94;Île-de-France;32 195
Le Perreux-sur-Marne;94;Île-de-France;34 017
Saint-Maur-des-Fossés;94;Île-de-France;75 833
Sucy-en-Brie;94;Île-de-France;26 575
Thiais;94;Île-de-France;29 295
Villejuif;94;Île-de-France;55 805
Villeneuve-Saint-Georges;94;Île-de-France;33 135
Villiers-sur-Marne;94;Île-de-France;29 407
Vincennes;94;Île-de-France;50 300
Vitry-sur-Seine;94;Île-de-France;93 317
Argenteuil;95;Île-de-France;112 064
Bezons;95;Île-de-France;29 216
Cergy;95;Île-de-France;64 451
Eaubonne;95;Île-de-France;25 514
Ermont;95;Île-de-France;29 400
Franconville;95;Île-de-France;36 349
Garges-lès-Gonesse;95;Île-de-France;42 821
Gonesse;95;Île-de-France;26 556
Goussainville;95;Île-de-France;31 167
Herblay;95;Île-de-France;29 614
Pontoise;95;Île-de-France;31 880
Sannois;95;Île-de-France;27 118
Sarcelles;95;Île-de-France;58 332
Taverny;95;Île-de-France;26 541
Villiers-le-Bel;95;Île-de-France;27 519
Les Abymes;971;Guadeloupe;54 818
Baie-Mahault;971;Guadeloupe;31 338
Le Gosier;971;Guadeloupe;27 023
Fort-de-France;972;Martinique;82 030
Le Lamentin;972;Martinique;40 920
Cayenne;973;Guyane;60 947
Kourou;973;Guyane;26 726
Matoury;973;Guyane;32 768
Remire-Montjoly;973;Guyane;26 170
Saint-Laurent-du-Maroni;973;Guyane;44 130
Le Port;974;La Réunion;35 141
La Possession;974;La Réunion;33 337
Saint-André;974;La Réunion;56 088
Saint-Benoît;974;La Réunion;38 466
Saint-Denis;974;La Réunion;149 337
Saint-Joseph;974;La Réunion;38 167
Saint-Leu;974;La Réunion;34 160
Saint-Louis;974;La Réunion;53 832
Saint-Paul;974;La Réunion;106 920
Saint-Pierre;974;La Réunion;85 059
Sainte-Marie;974;La Réunion;33 587
Le Tampon;974;La Réunion;78 366
